wave,enabled,full_name,github_repository_id,ecosystem,primary_language,license_spdx,default_branch,stars_snapshot,open_items_api,pushed_at_utc,community_health,has_contributing,has_code_of_conduct,has_issue_template_community_api,has_pr_template,open_good_first_issues,candidate_labels,pilot_role,code_access_policy,verified_on,notes
1,true,matplotlib/matplotlib,1385122,python,Python,NOASSERTION,main,22980,1471,2026-07-11T04:57:56Z,87,true,true,false,true,19,"ai-contribution|Difficulty: Easy|first-contribution|Good first issue",current_newcomer_seed,metadata_only_pending_license_review,2026-07-12,"GitHub repository API did not return SPDX; manually review the repository license before reading code content"
1,true,scikit-learn/scikit-learn,843222,python,Python,BSD-3-Clause,main,66690,2101,2026-07-11T05:42:37Z,87,true,true,false,true,0,"Easy|good first issue|good first PR to review|help wanted",history_and_discovery,tree_and_selected_files,2026-07-12,"No open good first issue at verification time; custom labels remain useful weak signals"
1,true,pytest-dev/pytest,37489525,python,Python,MIT,main,14336,977,2026-07-07T15:04:41Z,87,true,true,false,true,0,"good first issue|status: help wanted",history_and_discovery,tree_and_selected_files,2026-07-12,"Testing-focused project with rich contribution history"
1,true,microsoft/vscode,41881900,typescript,TypeScript,MIT,main,187440,19190,2026-07-11T15:26:10Z,100,true,true,false,true,20,"good first issue",current_newcomer_seed,tree_and_selected_files,2026-07-12,"Large repository used to validate pagination and scale; restrict tree/content analysis to selected modules"
1,true,eslint/eslint,11061773,javascript,JavaScript,MIT,main,27505,105,2026-07-11T08:39:17Z,87,true,true,false,true,0,"contributor pool|good first issue|help wanted",history_and_discovery,tree_and_selected_files,2026-07-12,"Relatively bounded open-item volume for JS pipeline smoke tests"
2,true,pandas-dev/pandas,858127,python,Python,BSD-3-Clause,main,49167,3045,2026-07-11T16:34:15Z,87,true,true,false,true,0,"",history_training,tree_and_selected_files,2026-07-12,"Large historical dataset; add only after Wave 1 request and storage costs are measured"
2,true,wagtail/wagtail,16479108,python,Python,BSD-3-Clause,main,20386,1026,2026-07-08T08:55:15Z,100,true,true,false,true,0,"good first issue",history_and_discovery,tree_and_selected_files,2026-07-12,"Adds Django and full-stack task structure"
2,true,vitejs/vite,257485422,typescript,TypeScript,MIT,main,82002,720,2026-07-10T11:36:34Z,87,true,true,false,true,0,"contribution welcome|good first issue|help wanted",history_and_discovery,tree_and_selected_files,2026-07-12,"Use contribution welcome as a project-specific weak signal"
2,true,freeCodeCamp/freeCodeCamp,28457823,typescript,TypeScript,BSD-3-Clause,main,451591,262,2026-07-11T14:35:33Z,100,true,true,false,true,0,"first timers only|help wanted",non_code_and_newcomer_process,tree_and_selected_files,2026-07-12,"Includes curriculum documentation and code; sample task types explicitly"
2,true,sveltejs/svelte,74293321,javascript,JavaScript,MIT,main,87583,1078,2026-07-10T19:01:10Z,87,true,true,true,true,0,"good first issue|help wanted",history_and_discovery,tree_and_selected_files,2026-07-12,"Issue template detected by community profile API"
3,true,nodejs/node,27193779,nodejs,JavaScript,NOASSERTION,main,118374,2358,2026-07-15T14:04:03Z,0,true,true,false,false,7,"good first issue|help wanted",language_coverage_expansion,metadata_only_pending_license_review,2026-07-16,"GitHub contribute page currently lists JavaScript newcomer tasks; exact inventory is verified during sync"
3,true,storybookjs/storybook,54173593,npm,TypeScript,MIT,next,90702,1747,2026-07-15T16:53:33Z,0,true,true,false,false,6,"good first issue|help wanted",language_coverage_expansion,tree_and_selected_files,2026-07-16,"TypeScript UI and testing coverage with active newcomer issues"
3,true,vercel/next.js,70107786,npm,JavaScript,MIT,canary,141102,4181,2026-07-15T16:52:49Z,0,true,true,false,false,10,"good first issue",language_coverage_expansion,tree_and_selected_files,2026-07-16,"JavaScript framework coverage; validate older issues through current GitHub state"
3,true,excalidraw/excalidraw,231283452,npm,TypeScript,MIT,master,127559,3206,2026-07-15T15:13:17Z,0,true,true,false,false,10,"good first issue|help wanted",language_coverage_expansion,tree_and_selected_files,2026-07-16,"TypeScript newcomer source with feature bug i18n and refactor tasks"
3,true,quarkusio/quarkus,139914932,maven,Java,Apache-2.0,main,15773,2827,2026-07-15T14:45:51Z,0,true,true,false,false,10,"good first issue|help wanted",language_coverage_expansion,tree_and_selected_files,2026-07-16,"Java newcomer source with testing documentation feature and tooling tasks"
3,true,elastic/elasticsearch,507775,maven,Java,NOASSERTION,main,77637,5860,2026-07-15T16:43:57Z,0,true,true,false,false,10,"good first issue",language_coverage_expansion,metadata_only_pending_license_review,2026-07-16,"Java growth and newcomer coverage; manually review repository licensing before code access"
3,true,apache/dubbo,4710920,maven,Java,Apache-2.0,3.3,41529,999,2026-07-14T02:34:05Z,0,true,true,false,false,5,"good first issue|help wanted",language_coverage_expansion,tree_and_selected_files,2026-07-16,"Java newcomer source covering bugs performance scripts samples and website work"
3,true,kubernetes/kubernetes,20580498,go,Go,Apache-2.0,master,123809,2758,2026-07-15T15:29:29Z,0,true,true,false,false,10,"good first issue|help wanted|triage/accepted",language_coverage_expansion,tree_and_selected_files,2026-07-16,"Go coverage with formal help-wanted and good-first-issue process"
3,true,prometheus/prometheus,6838921,go,Go,Apache-2.0,main,65231,876,2026-07-15T15:36:45Z,0,true,true,false,false,4,"good first issue|help wanted",language_coverage_expansion,tree_and_selected_files,2026-07-16,"Go newcomer and growth coverage across bugs documentation features and storage"
3,true,nushell/nushell,186024298,cargo,Rust,MIT,main,40022,1429,2026-07-15T13:46:00Z,0,true,true,false,false,10,"good first issue|help wanted|status:ready-to-implement",language_coverage_expansion,tree_and_selected_files,2026-07-16,"Rust newcomer source with documentation testing feature and platform tasks"
3,true,rust-lang/rust-clippy,26850443,cargo,Rust,Apache-2.0,master,13364,2850,2026-07-15T12:25:06Z,0,true,true,false,false,20,"good first issue",language_coverage_expansion,tree_and_selected_files,2026-07-16,"High-volume maintained Rust newcomer issue source"
3,true,facebook/pyrefly,935685654,cargo,Rust,MIT,main,6780,707,2026-07-15T14:53:10Z,0,true,true,false,false,5,"good first issue|help wanted",language_coverage_expansion,tree_and_selected_files,2026-07-16,"Rust implementation with type-checking documentation and IDE newcomer tasks"
4,true,pytorch/ao,714073518,pypi,Python,NOASSERTION,main,2901,797,2026-07-16T08:01:22Z,0,true,true,false,false,20,"good first issue|help wanted",zero_combination_fill,metadata_only_pending_license_review,2026-07-16,"Current contribute page includes an explicit newcomer refactor task; sync 100 to retain older open targets"
4,true,pytorch/pytorch,65600975,pypi,Python,NOASSERTION,main,101849,18355,2026-07-16T09:39:24Z,0,true,true,false,false,40,"good first issue|OSS contribution wanted",zero_combination_fill,metadata_only_pending_license_review,2026-07-16,"Current contribute page includes multiple explicit Python refactor newcomer tasks"
4,true,nodejs/undici,133092972,npm,JavaScript,MIT,main,7646,321,2026-07-16T09:22:19Z,0,true,true,false,false,14,"good first issue|Status: help-wanted",zero_combination_fill,tree_and_selected_files,2026-07-16,"Current contribute page lists multiple good-first-issue enhancement tasks for JavaScript feature coverage"
4,true,trinodb/trino,166515022,maven,Java,Apache-2.0,master,13028,2639,2026-07-16T08:32:10Z,0,true,true,false,false,50,"good first issue",zero_combination_fill,tree_and_selected_files,2026-07-16,"Current contribute page includes an explicit Java refactor newcomer task"
4,true,jenkinsci/jenkins,1103607,maven,Java,MIT,master,25668,3594,2026-07-16T06:48:11Z,0,true,true,false,false,30,"good first issue",zero_combination_fill,tree_and_selected_files,2026-07-16,"Adds a second Java newcomer source with an open cleanup task; sync 100 because the target is older"
5,true,apache/pinot,19961085,maven,Java,Apache-2.0,master,6109,1472,2026-07-15T18:03:49Z,0,true,true,false,false,50,"good first issue|help wanted",java_newcomer_refactor_fill,tree_and_selected_files,2026-07-16,"Current contribute page contains multiple unassigned Java refactor and cleanup good-first issues, providing redundancy for the last zero combination"
